"id","nombre","apellidos","email","telefono",
"id","nombre","apellidos","email","telefono",
"id","nombre","apellidos","email","telefono",
"id","nombre","apellidos","email","telefono",
"id","nombre","apellidos","email","telefono",
"id","nombre","apellidos","email","telefono",
"id","nombre","apellidos","email","telefono",
"id","nombre","apellidos","email","telefono",
"id","nombre","apellidos","email","telefono",
"id","nombre","apellidos","email","telefono",
"id","nombre","apellidos","email","telefono",
"id","nombre","apellidos","email","telefono",
"id","nombre","apellidos","email","telefono",
"id","nombre","apellidos","email","telefono",
"id","nombre","apellidos","email","telefono",
"id","nombre","apellidos","email","telefono",
"id","nombre","apellidos","email","telefono",
"id","nombre","apellidos","email","telefono",
"id","nombre","apellidos","email","telefono",
"id","nombre","apellidos","email","telefono",
"id","nombre","apellidos","email","telefono",
"id","nombre","apellidos","email","telefono",
"id","nombre","apellidos","email","telefono",
"id","nombre","apellidos","email","telefono",
"id","nombre","apellidos","email","telefono",
"id","nombre","apellidos","email","telefono",
"id","nombre","apellidos","email","telefono",
"id","nombre","apellidos","email","telefono",
