"id","nombre","apellidos","email","telefono","","",
"id","nombre","apellidos","email","telefono","","",
"id","nombre","apellidos","email","telefono","","",
"id","nombre","apellidos","email","telefono","","",
"id","nombre","apellidos","email","telefono","","",
"id","nombre","apellidos","email","telefono","","",
"id","nombre","apellidos","email","telefono","","",
"id","nombre","apellidos","email","telefono","","",
"id","nombre","apellidos","email","telefono","","",
"id","nombre","apellidos","email","telefono","","",
"id","nombre","apellidos","email","telefono","","",
"id","nombre","apellidos","email","telefono","","",
"id","nombre","apellidos","email","telefono","","",
"id","nombre","apellidos","email","telefono","","",
"id","nombre","apellidos","email","telefono","","",
"id","nombre","apellidos","email","telefono","","",
"id","nombre","apellidos","email","telefono","","",
"id","nombre","apellidos","email","telefono","","",
"id","nombre","apellidos","email","telefono","","",
"id","nombre","apellidos","email","telefono","","",
"id","nombre","apellidos","email","telefono","","",
"id","nombre","apellidos","email","telefono","","",
"id","nombre","apellidos","email","telefono","","",
"id","nombre","apellidos","email","telefono","","",
"id","nombre","apellidos","email","telefono","","",
"id","nombre","apellidos","email","telefono","","",
"id","nombre","apellidos","email","telefono","","",
"id","nombre","apellidos","email","telefono","","",
"id","nombre","apellidos","email","telefono","",
"2","fran","moreno","correo@gmail.com","1",
"2","fran","moreno","correo@gmail.com","2",
"2","fran","moreno","correo@gmail.com","3",
"2","fran","moreno","correo@gmail.com","4",
"2","fran","moreno","correo@gmail.com","5",
"2","1","moreno","correo@gmail.com","5",
"2","2","moreno","correo@gmail.com","5",
"2","3","moreno","correo@gmail.com","5",
"2","3","moreno","correo@gmail.com","5",
"2","A","moreno","correo@gmail.com","5"
"2","B","moreno","correo@gmail.com","5"
"2","C","moreno","correo@gmail.com","5"
"2","D","moreno","correo@gmail.com","5"
"2","E","moreno","correo@gmail.com","5"
